Model,R²,MAE,RMSE
Random Forest,0.48381479812995265,1.1842992482350914,1.5277500123873635
XGBoost,0.4855054434575701,1.184323662445799,1.5252460643946462
