Feature,Importance
NDBI,0.6432301898900847
NDWI,0.2091706198044967
NDVI,0.1475991903054187
