Feature,Mean |SHAP|
NDBI,0.71246946
NDVI,0.46865514
NDWI,0.39048484
